scorer,DLC_resnet50_shrimp_final_5Apr30shuffle1_500,DLC_resnet50_shrimp_final_5Apr30shuffle1_500,DLC_resnet50_shrimp_final_5Apr30shuffle1_500,DLC_resnet50_shrimp_final_5Apr30shuffle1_500,DLC_resnet50_shrimp_final_5Apr30shuffle1_500,DLC_resnet50_shrimp_final_5Apr30shuffle1_500,DLC_resnet50_shrimp_final_5Apr30shuffle1_500,DLC_resnet50_shrimp_final_5Apr30shuffle1_500,DLC_resnet50_shrimp_final_5Apr30shuffle1_500,DLC_resnet50_shrimp_final_5Apr30shuffle1_500,DLC_resnet50_shrimp_final_5Apr30shuffle1_500,DLC_resnet50_shrimp_final_5Apr30shuffle1_500,DLC_resnet50_shrimp_final_5Apr30shuffle1_500,DLC_resnet50_shrimp_final_5Apr30shuffle1_500,DLC_resnet50_shrimp_final_5Apr30shuffle1_500,DLC_resnet50_shrimp_final_5Apr30shuffle1_500,DLC_resnet50_shrimp_final_5Apr30shuffle1_500,DLC_resnet50_shrimp_final_5Apr30shuffle1_500,DLC_resnet50_shrimp_final_5Apr30shuffle1_500,DLC_resnet50_shrimp_final_5Apr30shuffle1_500,DLC_resnet50_shrimp_final_5Apr30shuffle1_500,DLC_resnet50_shrimp_final_5Apr30shuffle1_500,DLC_resnet50_shrimp_final_5Apr30shuffle1_500,DLC_resnet50_shrimp_final_5Apr30shuffle1_500,DLC_resnet50_shrimp_final_5Apr30shuffle1_500,DLC_resnet50_shrimp_final_5Apr30shuffle1_500,DLC_resnet50_shrimp_final_5Apr30shuffle1_500,DLC_resnet50_shrimp_final_5Apr30shuffle1_500,DLC_resnet50_shrimp_final_5Apr30shuffle1_500,DLC_resnet50_shrimp_final_5Apr30shuffle1_500,DLC_resnet50_shrimp_final_5Apr30shuffle1_500,DLC_resnet50_shrimp_final_5Apr30shuffle1_500,DLC_resnet50_shrimp_final_5Apr30shuffle1_500,DLC_resnet50_shrimp_final_5Apr30shuffle1_500,DLC_resnet50_shrimp_final_5Apr30shuffle1_500,DLC_resnet50_shrimp_final_5Apr30shuffle1_500,DLC_resnet50_shrimp_final_5Apr30shuffle1_500,DLC_resnet50_shrimp_final_5Apr30shuffle1_500,DLC_resnet50_shrimp_final_5Apr30shuffle1_500,DLC_resnet50_shrimp_final_5Apr30shuffle1_500,DLC_resnet50_shrimp_final_5Apr30shuffle1_500,DLC_resnet50_shrimp_final_5Apr30shuffle1_500,DLC_resnet50_shrimp_final_5Apr30shuffle1_500,DLC_resnet50_shrimp_final_5Apr30shuffle1_500,DLC_resnet50_shrimp_final_5Apr30shuffle1_500,DLC_resnet50_shrimp_final_5Apr30shuffle1_500,DLC_resnet50_shrimp_final_5Apr30shuffle1_500,DLC_resnet50_shrimp_final_5Apr30shuffle1_500,DLC_resnet50_shrimp_final_5Apr30shuffle1_500,DLC_resnet50_shrimp_final_5Apr30shuffle1_500,DLC_resnet50_shrimp_final_5Apr30shuffle1_500
bodyparts,Cdist,Cdist,Cdist,Cexten,Cexten,Cexten,Clump,Clump,Clump,CslideTop,CslideTop,CslideTop,Ctop,Ctop,Ctop,Extensor,Extensor,Extensor,Latch,Latch,Latch,MDist,MDist,MDist,MLat,MLat,MLat,MProx,MProx,MProx,MVBot,MVBot,MVBot,MVnotchP,MVnotchP,MVnotchP,MVtip,MVtip,MVtip,MVtop,MVtop,MVtop,Pdist,Pdist,Pdist,Plat,Plat,Plat,Prox,Prox,Prox
coords,x,y,likelihood,x,y,likelihood,x,y,likelihood,x,y,likelihood,x,y,likelihood,x,y,likelihood,x,y,likelihood,x,y,likelihood,x,y,likelihood,x,y,likelihood,x,y,likelihood,x,y,likelihood,x,y,likelihood,x,y,likelihood,x,y,likelihood,x,y,likelihood,x,y,likelihood
0,316.50384521484375,99.00587463378906,0.04539777338504791,317.1516418457031,99.11277770996094,0.051241517066955566,317.886474609375,99.48592376708984,0.05147690698504448,310.40863037109375,106.52330780029297,0.05013717710971832,315.3633728027344,107.69281768798828,0.03083895519375801,308.45343017578125,98.15856170654297,0.05786296725273132,314.9487609863281,106.28282165527344,0.031514156609773636,316.59063720703125,107.35026550292969,0.05374407395720482,316.35009765625,106.97090148925781,0.055109456181526184,315.9892578125,97.42286682128906,0.04722018539905548,306.8018798828125,106.44363403320312,0.07560068368911743,307.98980712890625,105.31963348388672,0.056451570242643356,307.0373229980469,100.26319122314453,0.06971298158168793,315.3092346191406,106.73123168945312,0.04288150370121002,309.7411193847656,99.8202896118164,0.06777971237897873,315.3113098144531,100.61377716064453,0.04416489228606224,315.2261657714844,99.59870910644531,0.05491169914603233
1,315.2001647949219,108.7811050415039,0.045095767825841904,317.08441162109375,99.02130126953125,0.05152029171586037,323.3910217285156,97.0589370727539,0.052307866513729095,310.50836181640625,106.56475067138672,0.049833033233881,315.2996520996094,107.65214538574219,0.03185724467039108,308.584716796875,114.14551544189453,0.05818089842796326,314.8883056640625,106.38964080810547,0.032349228858947754,316.668212890625,107.36856842041016,0.054872769862413406,316.2959289550781,106.93324279785156,0.05639093369245529,316.04718017578125,97.4219970703125,0.04709196835756302,306.9171142578125,106.45452880859375,0.07311262935400009,307.925048828125,105.2737808227539,0.056298885494470596,307.2425231933594,100.3921890258789,0.06817428022623062,315.29656982421875,106.740966796875,0.04399128630757332,309.66094970703125,99.92481994628906,0.06560344994068146,315.3497314453125,100.60993194580078,0.04355356842279434,315.2314758300781,99.59623718261719,0.05472057685256004
2,316.43927001953125,98.97115325927734,0.04632696509361267,317.1262512207031,99.04830932617188,0.0534098744392395,323.3765563964844,97.13019561767578,0.053910862654447556,310.4023132324219,106.5303955078125,0.051126014441251755,315.38421630859375,107.69451904296875,0.032156042754650116,308.5733947753906,114.11595153808594,0.05936336889863014,314.8409118652344,106.31246185302734,0.032857928425073624,316.60675048828125,107.37883758544922,0.05567687377333641,316.3257751464844,106.93324279785156,0.056927360594272614,316.0963439941406,97.49037170410156,0.048082247376441956,306.8100280761719,106.53125,0.07616814225912094,307.9500732421875,105.20716857910156,0.05865781381726265,307.0637512207031,100.4020767211914,0.07214178889989853,315.24224853515625,106.76350402832031,0.04473629593849182,309.71051025390625,99.86985778808594,0.06829971075057983,315.36669921875,100.6441650390625,0.044617339968681335,315.1690673828125,99.6327896118164,0.05629483237862587
3,316.5001220703125,99.09562683105469,0.04651971161365509,317.00726318359375,99.04287719726562,0.05294688791036606,317.9085998535156,99.56302642822266,0.05373441055417061,310.4402160644531,106.51461029052734,0.052073150873184204,315.32281494140625,107.67195129394531,0.03232799470424652,308.4503173828125,98.1063232421875,0.06035909056663513,314.84503173828125,106.37138366699219,0.03277180343866348,316.6355285644531,107.34720611572266,0.0556010976433754,316.3421936035156,106.95706176757812,0.05684427544474602,316.0622863769531,97.4865493774414,0.04928059130907059,306.8662414550781,106.54279327392578,0.07855896651744843,307.92413330078125,105.22929382324219,0.05898985639214516,306.9410095214844,100.36712646484375,0.07254588603973389,315.31634521484375,106.78726959228516,0.04487131908535957,309.7430725097656,99.87002563476562,0.06945465505123138,315.38299560546875,100.73277282714844,0.045160919427871704,315.2127990722656,99.49323272705078,0.05651022866368294
4,315.1934814453125,108.76276397705078,0.047041695564985275,317.1593933105469,99.01456451416016,0.054235830903053284,323.47003173828125,96.98272705078125,0.05417611449956894,310.44317626953125,106.43742370605469,0.053096212446689606,315.3766784667969,107.68933868408203,0.03308354318141937,308.5091247558594,114.11007690429688,0.06150884926319122,314.8408203125,106.30815887451172,0.03398195281624794,316.6065979003906,107.32610321044922,0.056933242827653885,316.38671875,106.97608184814453,0.058250170201063156,316.1122741699219,97.53549194335938,0.048907626420259476,306.9192810058594,106.45545959472656,0.0784953385591507,307.9345397949219,105.17904663085938,0.06022750586271286,307.0649108886719,100.41454315185547,0.07324543595314026,315.36346435546875,106.73353576660156,0.045675747096538544,309.6325378417969,99.84668731689453,0.06898974627256393,315.3658752441406,100.72908782958984,0.04533185809850693,315.1939697265625,99.54883575439453,0.056508295238018036
5,316.50872802734375,99.12037658691406,0.0459887720644474,317.0138244628906,98.94047546386719,0.053355392068624496,323.3840026855469,97.10626983642578,0.05550321564078331,310.5089111328125,106.45648193359375,0.05136542022228241,315.31427001953125,107.66190338134766,0.03230467438697815,308.3416748046875,114.06979370117188,0.06319368630647659,314.85980224609375,106.41020202636719,0.03277610242366791,316.61151123046875,107.32688903808594,0.05499931797385216,316.3299255371094,106.95600891113281,0.057125888764858246,316.136962890625,97.57335662841797,0.04770589992403984,306.8922424316406,106.52667236328125,0.07830583304166794,307.93524169921875,105.18301391601562,0.05954724922776222,306.8062438964844,100.21047973632812,0.07211778312921524,315.2423400878906,106.71026611328125,0.044728562235832214,309.6942443847656,99.94255065917969,0.06759385764598846,315.36395263671875,100.86119079589844,0.044810980558395386,315.1722717285156,99.48242950439453,0.05550561472773552
6,315.1767272949219,108.77069091796875,0.0483279749751091,316.9328308105469,98.91863250732422,0.054380279034376144,323.29400634765625,97.13028717041016,0.056262750178575516,310.5194091796875,106.46484375,0.05377558618783951,315.24139404296875,107.60704803466797,0.03434763476252556,308.3200378417969,114.16382598876953,0.06329219788312912,314.7294006347656,106.33666229248047,0.0342978797852993,316.6195373535156,107.31787109375,0.05750793218612671,316.3068542480469,107.01300048828125,0.060054223984479904,316.20086669921875,97.62435150146484,0.04970599338412285,306.9075927734375,106.64669799804688,0.08274194598197937,307.8617248535156,104.9912109375,0.06260348111391068,306.9717712402344,100.27912139892578,0.07325626164674759,315.2538146972656,106.71321868896484,0.04767622426152229,309.8186950683594,100.0420913696289,0.06943759322166443,315.3344421386719,100.83039093017578,0.04604978859424591,315.31854248046875,99.68195343017578,0.05749485641717911
7,315.2000732421875,108.8097915649414,0.0473986491560936,316.8711242675781,98.77208709716797,0.05426771566271782,323.2580871582031,97.2503433227539,0.054730407893657684,310.4367980957031,106.32795715332031,0.0520799346268177,315.4306640625,107.7215805053711,0.03378918766975403,308.42340087890625,114.07121276855469,0.06689292192459106,314.7869873046875,106.29126739501953,0.03391188010573387,316.625244140625,107.28502655029297,0.05809445306658745,316.3243103027344,107.02505493164062,0.0587175227701664,316.33782958984375,97.44808197021484,0.04886990040540695,307.0048828125,106.52268981933594,0.07953748852014542,307.7875061035156,105.0897216796875,0.06077739968895912,307.0404052734375,100.05754089355469,0.06985746324062347,315.1390380859375,106.6781997680664,0.04687532037496567,309.83160400390625,99.9056167602539,0.06488607823848724,318.0091857910156,108.6505355834961,0.04556523263454437,315.1685485839844,99.55657196044922,0.055239178240299225
8,315.1656494140625,108.89234924316406,0.05022507533431053,316.8555908203125,98.8619155883789,0.0560186393558979,317.6913757324219,99.52312469482422,0.05683700740337372,310.31121826171875,106.49376678466797,0.05524438992142677,315.4754333496094,107.66824340820312,0.035884540528059006,308.658935546875,114.14246368408203,0.0681539997458458,314.86322021484375,106.27129364013672,0.03576347604393959,316.567138671875,107.21149444580078,0.06122463196516037,316.4493713378906,107.01322174072266,0.060620494186878204,316.2184753417969,97.3985366821289,0.050060123205184937,307.1248779296875,106.43216705322266,0.081797294318676,307.8002624511719,105.04647064208984,0.06227061524987221,307.0318603515625,100.009521484375,0.0726773664355278,315.2379455566406,106.73683166503906,0.04949147626757622,309.7138977050781,99.9201431274414,0.06811660528182983,318.0000915527344,108.70537567138672,0.04770970717072487,317.22259521484375,107.17003631591797,0.057513151317834854
9,315.23114013671875,108.75946044921875,0.047597046941518784,316.9177551269531,98.65614318847656,0.052331626415252686,317.829345703125,99.67334747314453,0.05343251675367355,310.4219970703125,106.50877380371094,0.05238331854343414,315.4007568359375,107.56452178955078,0.03435029089450836,308.499267578125,114.24652099609375,0.06701449304819107,314.739501953125,106.3260269165039,0.03466194123029709,316.60748291015625,107.3011245727539,0.05724012106657028,316.2667541503906,106.96441650390625,0.0589841865003109,316.29730224609375,97.37797546386719,0.048200879245996475,307.0246887207031,106.61333465576172,0.07798244059085846,307.7222595214844,105.06733703613281,0.059730593115091324,306.982666015625,100.19088745117188,0.06875239312648773,315.2106018066406,106.82664489746094,0.04741540923714638,309.6678466796875,99.94844818115234,0.06323398649692535,317.9984130859375,108.66619873046875,0.0466015450656414,317.1964416503906,107.10330963134766,0.054975476115942
10,315.1473693847656,108.78441619873047,0.0465676374733448,316.73870849609375,98.80192565917969,0.05143757537007332,317.69708251953125,99.41004180908203,0.05350710451602936,310.3258056640625,106.52023315429688,0.051517680287361145,315.3323974609375,107.6053466796875,0.03372757136821747,308.5234375,114.39673614501953,0.06511243432760239,314.7284851074219,106.19221496582031,0.034093718975782394,316.684326171875,107.33576965332031,0.05592285469174385,316.2397766113281,107.0620346069336,0.05771278217434883,316.42236328125,97.43203735351562,0.04727786406874657,307.114501953125,106.71228790283203,0.07595643401145935,307.74066162109375,105.06549835205078,0.05990832298994064,307.14178466796875,100.20182800292969,0.071017324924469,315.1918029785156,106.73762512207031,0.04693702235817909,309.59783935546875,100.04888153076172,0.06255462765693665,318.02728271484375,108.72946166992188,0.04544564336538315,315.2099304199219,99.81110382080078,0.05453498288989067
11,315.1180114746094,108.76665496826172,0.04641690477728844,316.7484436035156,98.76538848876953,0.05229705199599266,317.6686096191406,99.28560638427734,0.05292438343167305,310.1266784667969,106.5163345336914,0.05164577439427376,315.39068603515625,107.6598892211914,0.03326831012964249,308.4911804199219,114.52259826660156,0.06213362514972687,314.86370849609375,106.10113525390625,0.033090099692344666,316.68121337890625,107.31285095214844,0.05484769865870476,316.292236328125,107.19937133789062,0.05682414770126343,316.57415771484375,97.41425323486328,0.047754667699337006,307.10882568359375,106.60391235351562,0.07489966601133347,307.7355041503906,105.21612548828125,0.0591764859855175,307.3651428222656,100.0341796875,0.07336996495723724,315.2004699707031,106.67808532714844,0.04639432206749916,309.61907958984375,100.12159729003906,0.06361974775791168,317.9590759277344,108.66909790039062,0.04404723644256592,315.28839111328125,99.78884887695312,0.05464499443769455
12,316.58563232421875,99.60577392578125,0.04516010358929634,316.9118347167969,99.22803497314453,0.050738103687763214,317.4656066894531,99.28311157226562,0.05169398710131645,309.8789978027344,106.41547393798828,0.04908590018749237,315.3559265136719,107.68643188476562,0.031941354274749756,308.5389709472656,114.75967407226562,0.059057798236608505,314.9203796386719,106.04582214355469,0.03166702762246132,316.55706787109375,107.38353729248047,0.05365419015288353,316.47064208984375,107.2563705444336,0.05531763285398483,316.5395812988281,97.41014862060547,0.047457464039325714,306.94805908203125,106.70626068115234,0.07271688431501389,307.8446350097656,105.1458969116211,0.05571993440389633,307.5402526855469,100.10264587402344,0.07228067517280579,315.1545715332031,106.7103042602539,0.044621385633945465,309.5891418457031,100.18272399902344,0.06512418389320374,317.81884765625,108.67134857177734,0.041441660374403,315.238525390625,99.75086975097656,0.05318993330001831
13,316.44561767578125,99.93704986572266,0.04577415809035301,316.8810119628906,99.4743881225586,0.05063479766249657,317.35321044921875,99.18445587158203,0.05290605127811432,309.8730773925781,106.19365692138672,0.05069318786263466,315.27374267578125,107.64189147949219,0.032759856432676315,308.1374206542969,114.51360321044922,0.06212388724088669,314.92095947265625,106.08743286132812,0.032422665506601334,316.5585021972656,107.4333724975586,0.054024796932935715,316.490478515625,107.29536437988281,0.05581236258149147,316.8140563964844,97.62877655029297,0.04809776693582535,306.81195068359375,106.77269744873047,0.07621953636407852,307.77886962890625,105.05266571044922,0.05730690434575081,307.41650390625,100.14546966552734,0.0751296654343605,314.93109130859375,106.6094741821289,0.045892879366874695,309.7507629394531,100.28512573242188,0.06532246619462967,308.91790771484375,109.59619140625,0.04200082644820213,317.534423828125,106.71682739257812,0.05341263487935066
14,316.4102783203125,99.7923583984375,0.04541521891951561,316.9985046386719,99.78292083740234,0.049733128398656845,317.31634521484375,99.26109313964844,0.05194278061389923,309.6581726074219,106.31521606445312,0.048934027552604675,315.23602294921875,107.72732543945312,0.030467230826616287,308.8385314941406,98.54496765136719,0.06323132663965225,314.9916076660156,106.01930236816406,0.030372725799679756,316.5757751464844,107.5223388671875,0.050945788621902466,316.4983825683594,107.22698211669922,0.0537920817732811,316.8433532714844,97.33448028564453,0.048191510140895844,306.6605224609375,106.7845458984375,0.07554186880588531,307.98175048828125,105.27542877197266,0.05698024481534958,307.84796142578125,100.2179946899414,0.07333490997552872,314.947998046875,106.6410140991211,0.043087076395750046,309.9211730957031,100.59221649169922,0.06675217300653458,308.9656982421875,109.7568359375,0.04302353784441948,315.5613708496094,99.73841857910156,0.05280883237719536
15,316.4549865722656,99.79554748535156,0.04219090938568115,317.1864318847656,99.86136627197266,0.045791614800691605,317.06561279296875,99.39399719238281,0.048300523310899734,309.6650085449219,106.33979797363281,0.046669188886880875,315.2953186035156,107.71363067626953,0.0291647557169199,308.958740234375,98.37619018554688,0.060836780816316605,315.00506591796875,105.87016296386719,0.028903303667902946,316.5027160644531,107.62127685546875,0.048577141016721725,316.53009033203125,107.19638061523438,0.05154808610677719,316.704345703125,97.38056945800781,0.04504504054784775,306.6581726074219,106.85358428955078,0.07217647135257721,307.9228210449219,105.17994689941406,0.054399274289608,307.8730773925781,100.2833023071289,0.06917397677898407,314.994873046875,106.54371643066406,0.04172413796186447,310.02471923828125,100.33831787109375,0.06327978521585464,308.8667907714844,109.82202911376953,0.04085502028465271,315.509033203125,99.84136962890625,0.049882672727108
16,316.3070068359375,99.74553680419922,0.04539944604039192,317.11395263671875,99.60343933105469,0.04942391812801361,317.10211181640625,99.46519470214844,0.05241343751549721,309.6154479980469,106.40386199951172,0.04946478083729744,315.2997131347656,107.83740997314453,0.030692068859934807,308.9083251953125,98.248291015625,0.0684274211525917,314.8610534667969,105.82086181640625,0.030200861394405365,316.4996032714844,107.55950164794922,0.0505024716258049,308.659423828125,108.2707290649414,0.055231403559446335,316.6784362792969,97.33259582519531,0.04853273928165436,306.455078125,106.8519287109375,0.07933679968118668,307.92138671875,105.12783813476562,0.059097811579704285,307.7048034667969,100.14436340332031,0.07198081165552139,314.8823547363281,106.4386978149414,0.0443403385579586,309.9780578613281,100.53155517578125,0.06725698709487915,308.8792724609375,109.97945404052734,0.04438392072916031,315.5118103027344,99.69993591308594,0.05251995101571083
17,316.3526611328125,99.79781341552734,0.04460921883583069,317.2223815917969,99.43901062011719,0.04998036101460457,316.8965759277344,99.58206176757812,0.0532686784863472,309.7433776855469,106.3646011352539,0.050426382571458817,315.3086242675781,107.85919952392578,0.030827656388282776,308.7807312011719,98.40199279785156,0.06541454046964645,314.7200012207031,105.85584259033203,0.03026534803211689,316.51861572265625,107.62458038330078,0.052006796002388,316.52789306640625,107.29302978515625,0.05441185086965561,316.7469482421875,97.43729400634766,0.0488305427134037,306.3473205566406,106.66877746582031,0.08066783100366592,307.92047119140625,105.1020278930664,0.06050148978829384,307.641845703125,100.25630187988281,0.07007449865341187,314.7804870605469,106.49685668945312,0.04462997242808342,309.90240478515625,100.20425415039062,0.06582442671060562,308.9272766113281,109.76688385009766,0.0435655452311039,315.2337951660156,99.49472045898438,0.05204446613788605
18,314.9441223144531,108.45059967041016,0.04247176647186279,317.09515380859375,99.42034149169922,0.049193210899829865,316.72705078125,99.57489013671875,0.05142560973763466,309.73101806640625,106.11713409423828,0.0511796735227108,315.42388916015625,107.8958511352539,0.030697502195835114,307.7408142089844,114.5057144165039,0.06350191682577133,314.8080749511719,105.85020446777344,0.03045382723212242,316.4779968261719,107.5980453491211,0.05260205641388893,316.4575500488281,107.30370330810547,0.05391569435596466,316.7900695800781,97.46784210205078,0.047116223722696304,306.37725830078125,106.38568115234375,0.07921035587787628,308.02947998046875,105.28600311279297,0.05997125059366226,307.5126037597656,100.34357452392578,0.0676056295633316,314.841064453125,106.55013275146484,0.04417763650417328,309.76708984375,100.13241577148438,0.061065979301929474,308.9276123046875,109.63549041748047,0.04404449090361595,317.5215148925781,106.46812438964844,0.049387186765670776
19,315.0705871582031,108.46965026855469,0.044389281421899796,317.2367858886719,99.37238311767578,0.04976314306259155,316.5249938964844,99.66024017333984,0.05114944279193878,309.8275146484375,106.00096893310547,0.05346040427684784,315.4053039550781,107.73944854736328,0.03104677051305771,307.3662109375,114.41974639892578,0.06204110383987427,314.6822814941406,105.79541778564453,0.03122282400727272,316.5551452636719,107.65033721923828,0.05281123146414757,316.6112060546875,107.26738739013672,0.055448468774557114,316.85565185546875,97.54684448242188,0.04689081013202667,306.4764099121094,106.41641998291016,0.08260422199964523,307.94921875,105.093017578125,0.05931363254785538,307.43414306640625,100.46208190917969,0.07096333801746368,314.91131591796875,106.3364486694336,0.044735439121723175,309.8757019042969,99.81249237060547,0.06217361241579056,308.9150085449219,109.40406799316406,0.04303014278411865,317.4532470703125,106.72969055175781,0.05001961067318916
20,315.0479736328125,108.4131851196289,0.04025210440158844,316.98974609375,99.29235076904297,0.045201461762189865,316.421630859375,99.53446960449219,0.04605728015303612,309.6444396972656,106.20150756835938,0.048522159457206726,315.47186279296875,107.80847930908203,0.027762752026319504,307.44451904296875,114.20476531982422,0.06286356598138809,314.71844482421875,105.42156982421875,0.02769828401505947,316.5335388183594,107.7165756225586,0.04780519753694534,316.478515625,107.64264678955078,0.049500513821840286,317.07391357421875,97.30306243896484,0.042093269526958466,306.68255615234375,106.20089721679688,0.07285569608211517,307.7630310058594,105.35592651367188,0.05278417840600014,307.59686279296875,100.70543670654297,0.067191943526268,314.848876953125,106.23336791992188,0.041425127536058426,309.7200012207031,99.68827056884766,0.05372528359293938,308.743896484375,109.05691528320312,0.038001157343387604,317.3417053222656,106.82386779785156,0.04540620744228363
21,316.52984619140625,115.3003921508789,0.037781186401844025,317.2616271972656,99.37002563476562,0.04094564914703369,316.36334228515625,99.82868194580078,0.04284917563199997,309.3642883300781,106.19774627685547,0.04069899767637253,315.39630126953125,107.89482879638672,0.02541472017765045,307.6215515136719,114.1565170288086,0.057096485048532486,314.7820129394531,105.11641693115234,0.024383800104260445,316.4526062011719,107.79833221435547,0.04220468923449516,316.5549011230469,107.8675308227539,0.04518456757068634,316.9820556640625,97.13318634033203,0.04125899821519852,306.70208740234375,106.34867858886719,0.06299259513616562,308.07318115234375,105.50749969482422,0.04734470695257187,307.9762268066406,100.38430786132812,0.0625535100698471,314.7424011230469,106.18047332763672,0.037789568305015564,309.57110595703125,99.99807739257812,0.04938364028930664,315.0281066894531,114.2054214477539,0.03495669364929199,314.9402160644531,99.58287048339844,0.04278861731290817
22,315.1684875488281,108.09229278564453,0.03605110943317413,317.7694091796875,116.4570541381836,0.037764955312013626,316.63031005859375,106.85628509521484,0.039622712880373,309.5552062988281,106.11471557617188,0.038224853575229645,315.2716369628906,107.7044448852539,0.025248775258660316,308.8420104980469,99.17291259765625,0.056033458560705185,314.85601806640625,105.2133560180664,0.022778380662202835,316.5111999511719,107.77328491210938,0.04071318358182907,316.6153259277344,107.76850891113281,0.044581882655620575,316.75067138671875,97.3671646118164,0.039516448974609375,307.05633544921875,106.69668579101562,0.06214025616645813,307.9932861328125,105.34056854248047,0.04730396717786789,307.6459045410156,100.02745056152344,0.05525786802172661,314.899658203125,106.42195129394531,0.03648979589343071,309.1569519042969,100.13557434082031,0.04607214406132698,308.9888000488281,109.20382690429688,0.03485611826181412,317.6358947753906,106.57962036132812,0.03916347026824951
23,315.3401184082031,107.86791229248047,0.031310781836509705,317.7564392089844,116.57555389404297,0.033963073045015335,315.9483642578125,100.1385498046875,0.036590564996004105,315.3879089355469,108.15686798095703,0.03341960906982422,315.3421630859375,107.84603118896484,0.021876297891139984,309.1258544921875,99.13252258300781,0.04851245507597923,314.94488525390625,105.16862487792969,0.02014247141778469,316.46356201171875,107.93578338623047,0.037367261946201324,316.3607482910156,107.7655029296875,0.039933472871780396,316.7016906738281,97.37260437011719,0.038142867386341095,307.2349853515625,106.5939712524414,0.051621850579977036,308.016357421875,105.75613403320312,0.040542419999837875,307.97723388671875,100.19108581542969,0.04708671197295189,314.87042236328125,106.59204864501953,0.03215276449918747,309.6453552246094,100.23963928222656,0.04182114079594612,252.30929565429688,60.00376510620117,0.031200595200061798,317.3461608886719,106.60924530029297,0.03484533354640007
24,316.7362976074219,115.55337524414062,0.03391893953084946,317.5307922363281,99.37416076660156,0.03567744046449661,315.94085693359375,99.71636962890625,0.03691906854510307,309.42462158203125,106.46614837646484,0.03678520396351814,298.5196838378906,107.26542663574219,0.022706348448991776,307.0107727050781,113.96570587158203,0.05749959498643875,314.7466125488281,105.03954315185547,0.02014407515525818,316.50714111328125,107.96611022949219,0.03654373437166214,299.9636535644531,108.38827514648438,0.04397370666265488,316.736083984375,97.22831726074219,0.039227813482284546,307.0296936035156,106.50849914550781,0.06134945899248123,307.86309814453125,105.55094909667969,0.0472201406955719,308.1472473144531,99.91544342041016,0.056369882076978683,299.2691955566406,107.02986145019531,0.03540617972612381,309.92852783203125,100.05425262451172,0.04745161160826683,308.4861755371094,109.06998443603516,0.03293105959892273,314.72064208984375,116.00540924072266,0.03723737224936485
25,300.521240234375,107.31085205078125,0.02932574227452278,363.4459228515625,4.8200507164001465,0.030729493126273155,316.3475341796875,106.77510833740234,0.03193920478224754,309.63177490234375,106.48271179199219,0.029622698202729225,11.328451156616211,140.89285278320312,0.020748527720570564,307.1372985839844,114.4275131225586,0.049648646265268326,314.9388427734375,105.05546569824219,0.01628170907497406,316.4742736816406,107.96574401855469,0.031210875138640404,300.0232849121094,108.1034927368164,0.03763185441493988,316.9105224609375,96.93167877197266,0.03353964537382126,307.18402099609375,106.19194793701172,0.05006207525730133,307.9170227050781,105.98939514160156,0.03997856378555298,308.8800354003906,99.8846206665039,0.047188617289066315,299.13671875,107.26499938964844,0.03046102449297905,310.0588073730469,99.58299255371094,0.03832732513546944,252.2696990966797,60.03166198730469,0.03021395206451416,314.90948486328125,115.89518737792969,0.030619462952017784
26,302.07928466796875,116.0267105102539,0.034262992441654205,300.0636901855469,107.70460510253906,0.033243536949157715,316.7891540527344,106.82586669921875,0.03595200926065445,309.78228759765625,106.13987731933594,0.03631795570254326,298.8075256347656,107.03410339355469,0.022220013663172722,306.6250305175781,114.55084991455078,0.053307849913835526,314.4441833496094,104.98556518554688,0.018748462200164795,316.77313232421875,107.67195129394531,0.03714922443032265,300.00567626953125,108.11512756347656,0.04240322858095169,299.405029296875,113.77745056152344,0.037709224969148636,307.072509765625,106.23749542236328,0.05957823246717453,307.9313049316406,106.21846771240234,0.047670017927885056,308.80487060546875,100.37533569335938,0.050652649253606796,299.1812744140625,107.37831115722656,0.03571200743317604,309.7384033203125,99.76625061035156,0.044040314853191376,299.4219665527344,115.84518432617188,0.032040104269981384,299.69696044921875,100.26762390136719,0.03419993445277214
27,300.5437316894531,107.3731689453125,0.03405752778053284,299.6087646484375,107.75980377197266,0.03567062318325043,300.5240478515625,107.98899841308594,0.03520107641816139,309.8616638183594,106.49054718017578,0.03596242889761925,299.11279296875,107.19203186035156,0.02363685332238674,292.92230224609375,114.30199432373047,0.049542758613824844,298.7511291503906,106.53633117675781,0.019781868904829025,300.4069519042969,107.80065155029297,0.03806314989924431,299.8282165527344,107.87859344482422,0.044484324753284454,299.9560241699219,108.5953598022461,0.041238974779844284,307.2189025878906,106.31327056884766,0.05697769671678543,308.2524719238281,106.6638412475586,0.04484914243221283,308.93035888671875,99.95441436767578,0.050893984735012054,299.3469543457031,107.39798736572266,0.03817235678434372,325.2010498046875,99.13793182373047,0.04947003722190857,300.7895202636719,108.156005859375,0.03460260108113289,299.40911865234375,100.22543334960938,0.037181220948696136
28,332.6478271484375,99.71237182617188,0.03598332032561302,300.59539794921875,115.75767517089844,0.03262932971119881,322.3600158691406,90.7259750366211,0.03387623280286789,341.4493408203125,91.68157958984375,0.0375702828168869,330.9764709472656,103.11026763916016,0.022858984768390656,292.0940246582031,113.6763687133789,0.054898716509342194,331.1291198730469,89.92451477050781,0.020856374874711037,299.4327392578125,117.632080078125,0.03494066745042801,308.1314392089844,118.19920349121094,0.042534440755844116,299.55267333984375,114.5913314819336,0.03695782274007797,291.1799621582031,122.1056900024414,0.053871914744377136,291.95172119140625,121.8952407836914,0.04538498446345329,308.99481201171875,99.86746215820312,0.044206757098436356,299.3515319824219,107.42598724365234,0.03024749457836151,324.9808654785156,99.06936645507812,0.052879564464092255,299.68768310546875,115.94493103027344,0.03136158362030983,347.36871337890625,91.52513122558594,0.037064872682094574
29,332.27288818359375,99.49981689453125,0.03821178525686264,316.86798095703125,100.18251037597656,0.035336073487997055,316.947021484375,115.8235092163086,0.03746302053332329,331.71539306640625,90.9713363647461,0.03845042735338211,331.22113037109375,102.6686782836914,0.023383729159832,307.6508483886719,114.51225280761719,0.054441288113594055,331.26068115234375,89.84988403320312,0.023867618292570114,331.90960693359375,91.97944641113281,0.0369277223944664,308.4344482421875,118.0024642944336,0.04229496046900749,300.0629577636719,114.57776641845703,0.03816705197095871,306.651611328125,122.05364227294922,0.057019807398319244,292.07659912109375,121.55213165283203,0.04522837698459625,322.668212890625,98.38829803466797,0.049165185540914536,330.9775085449219,91.71536254882812,0.03067377395927906,324.6513977050781,99.35821533203125,0.05484648048877716,299.4886474609375,116.10384368896484,0.031830113381147385,330.0218200683594,99.28247833251953,0.039415713399648666
30,332.3016052246094,99.95582580566406,0.03848053142428398,316.8826904296875,99.2378921508789,0.04629310965538025,324.002685546875,97.5886459350586,0.043916005641222,332.3595886230469,91.03436279296875,0.04502344876527786,331.9472961425781,91.43834686279297,0.027492068707942963,307.0815734863281,114.63431549072266,0.05771834775805473,331.217529296875,89.73119354248047,0.02798447757959366,331.66009521484375,91.87998962402344,0.04352595657110214,340.73260498046875,92.40409851074219,0.04743121564388275,316.6806945800781,97.89092254638672,0.04122110456228256,307.0970764160156,106.19758605957031,0.06272760778665543,308.8674621582031,106.32401275634766,0.05442407354712486,323.2454528808594,98.15898895263672,0.0595991276204586,314.4100341796875,107.119873046875,0.03942568600177765,325.1661376953125,98.61898803710938,0.059491779655218124,333.65972900390625,93.01261138916016,0.035903871059417725,331.62078857421875,91.203369140625,0.047293804585933685
31,323.1414489746094,108.72238159179688,0.04143010824918747,317.23577880859375,99.20846557617188,0.048209886997938156,324.1337585449219,97.70712280273438,0.048076022416353226,332.4486999511719,91.09422302246094,0.04620913416147232,315.5601806640625,107.85176849365234,0.02915005013346672,324.20489501953125,99.61068725585938,0.055690087378025055,331.59539794921875,89.92469024658203,0.027598243206739426,316.6166076660156,107.505859375,0.04839275777339935,315.0738220214844,107.67571258544922,0.04993439093232155,316.6185607910156,108.1417007446289,0.045229364186525345,307.5206298828125,106.35679626464844,0.06532924622297287,308.4752502441406,106.12582397460938,0.05669174715876579,323.73138427734375,99.07793426513672,0.06092081218957901,314.5506591796875,107.14907836914062,0.04229241609573364,341.3456726074219,99.4610366821289,0.06347038596868515,317.2562561035156,108.79263305664062,0.03774626553058624,331.8474426269531,90.97256469726562,0.047616250813007355
32,307.5176086425781,107.18775939941406,0.043019846081733704,315.5812072753906,107.67573547363281,0.04667600989341736,324.0305480957031,97.74031829833984,0.05075296387076378,315.0685119628906,107.2964859008789,0.04445775970816612,315.5849609375,107.80933380126953,0.030775301158428192,307.7700500488281,115.01461029052734,0.062108442187309265,314.61126708984375,105.82695007324219,0.028782879933714867,316.6178894042969,107.51493072509766,0.05054671689867973,314.9803466796875,107.70062255859375,0.05193891003727913,316.74322509765625,107.89481353759766,0.04736717417836189,307.62872314453125,106.43147277832031,0.07106181979179382,308.9111633300781,106.2408676147461,0.06423690915107727,323.76904296875,99.01738739013672,0.05576815456151962,314.3244934082031,107.28645324707031,0.04362473264336586,324.518798828125,98.98595428466797,0.061115581542253494,317.2580261230469,108.54159545898438,0.03947753831744194,317.26885986328125,106.52304077148438,0.04837965965270996
33,306.11920166015625,114.87428283691406,0.042782023549079895,315.6085205078125,107.49496459960938,0.04345320910215378,317.0374450683594,106.9766845703125,0.042199574410915375,315.2542724609375,107.61553192138672,0.042310938239097595,315.5097351074219,107.5809097290039,0.030728423967957497,292.41314697265625,114.2425765991211,0.06213363632559776,331.56097412109375,90.35967254638672,0.025608494877815247,316.4289245605469,107.34434509277344,0.045941926538944244,315.1787414550781,107.24786376953125,0.0470033697783947,316.83123779296875,108.06649780273438,0.04454737901687622,307.6982421875,106.75055694580078,0.06340863555669785,308.9411926269531,106.05406951904297,0.05573483929038048,324.1072082519531,99.360107421875,0.053719356656074524,314.39007568359375,107.55790710449219,0.041673168540000916,341.51434326171875,99.79143524169922,0.057392146438360214,316.9378662109375,108.43355560302734,0.038065794855356216,317.1197204589844,107.04933166503906,0.04414520040154457
34,306.19610595703125,114.48241424560547,0.047396089881658554,315.80987548828125,107.23995208740234,0.04999738931655884,308.0689697265625,114.75553131103516,0.04741161689162254,315.1864318847656,107.48269653320312,0.049648184329271317,315.0745544433594,107.42716979980469,0.033145856112241745,307.8052673339844,115.14967346191406,0.07034196704626083,314.1995849609375,106.45990753173828,0.03108338639140129,316.8212585449219,107.5335922241211,0.054637763649225235,315.5104675292969,107.5174331665039,0.05659570172429085,317.1904296875,108.13006591796875,0.05196124315261841,307.34417724609375,106.69953918457031,0.08239232748746872,308.9179992675781,105.58536529541016,0.07245558500289917,310.3392028808594,106.55854034423828,0.05307474732398987,313.738037109375,107.39877319335938,0.04914423078298569,309.68023681640625,115.95060729980469,0.0634085163474083,317.316162109375,108.33296203613281,0.04457424208521843,317.4146423339844,106.517822265625,0.05063256621360779
35,305.9119873046875,113.99739837646484,0.049054257571697235,315.72662353515625,107.6318588256836,0.0519552156329155,307.78631591796875,114.97050476074219,0.05031290277838707,315.335205078125,107.39759826660156,0.04930943623185158,315.2525634765625,107.41639709472656,0.03371769189834595,307.58258056640625,114.62202453613281,0.07142821699380875,314.3058166503906,106.61345672607422,0.03182923048734665,316.71630859375,107.45005798339844,0.053991351276636124,315.4280090332031,107.30500030517578,0.057740744203329086,316.7413635253906,108.32706451416016,0.05338207259774208,307.0897521972656,106.7942123413086,0.08103568106889725,308.5489196777344,105.41898345947266,0.07337567210197449,310.09442138671875,106.62490844726562,0.05592767894268036,314.2298278808594,107.44902038574219,0.047786228358745575,308.9277038574219,115.7612075805664,0.06335768103599548,315.8952941894531,116.56600952148438,0.04614502191543579,314.89874267578125,115.20127868652344,0.05348803848028183
36,305.7366943359375,113.7386245727539,0.05272793024778366,315.7862243652344,107.65234375,0.047698941081762314,307.28192138671875,114.48009490966797,0.060117483139038086,315.3627014160156,107.4699478149414,0.04462302848696709,315.15875244140625,107.32250213623047,0.03000006638467312,306.6933898925781,114.39994812011719,0.0805533155798912,314.20159912109375,106.60923767089844,0.02789120189845562,316.46832275390625,107.35421752929688,0.0474318228662014,315.3509216308594,107.41500854492188,0.052643001079559326,316.91082763671875,108.08526611328125,0.04773099720478058,307.2062072753906,106.73223114013672,0.08086712658405304,308.6985778808594,105.52830505371094,0.06949812918901443,306.85723876953125,114.769287109375,0.05669155344367027,314.2323913574219,107.39228820800781,0.042754530906677246,308.8789367675781,115.79361724853516,0.06503422558307648,300.1700744628906,117.33483123779297,0.046668294817209244,315.5250244140625,115.34593200683594,0.052332889288663864
37,305.77313232421875,113.88843536376953,0.05439884960651398,315.8177185058594,107.72720336914062,0.05046685039997101,307.50408935546875,115.13631439208984,0.055449724197387695,315.2683410644531,107.47171783447266,0.04804480820894241,315.35748291015625,107.25208282470703,0.03261503949761391,291.6933288574219,113.70169830322266,0.07139632105827332,314.2213439941406,106.48561096191406,0.03048309125006199,316.6227111816406,107.13707733154297,0.05017118528485298,315.4826965332031,107.46480560302734,0.05546664819121361,316.682373046875,108.16301727294922,0.05256218463182449,307.317626953125,106.68649291992188,0.08470176160335541,308.9397888183594,105.83869171142578,0.07056478410959244,323.41912841796875,98.84258270263672,0.06241922825574875,314.1883544921875,106.92926788330078,0.0459066703915596,325.4598083496094,98.93614959716797,0.06516746431589127,315.955810546875,116.61255645751953,0.04698174074292183,317.2081298828125,107.18486022949219,0.05122337490320206
38,307.1798400878906,107.51094818115234,0.054373323917388916,315.7393798828125,107.89278411865234,0.05271359533071518,307.3605041503906,114.93223571777344,0.061281364411115646,315.3462829589844,107.0844955444336,0.05032860487699509,315.4065856933594,107.37336730957031,0.03387109562754631,291.8567199707031,113.56153106689453,0.07666657119989395,314.3349304199219,106.28890228271484,0.031553562730550766,316.4990539550781,107.25214385986328,0.051482051610946655,315.1814270019531,107.48529052734375,0.05626441910862923,316.64874267578125,108.13113403320312,0.05395229905843735,307.2491149902344,106.55403137207031,0.0895209014415741,309.2409362792969,105.89704132080078,0.07347117364406586,306.7194519042969,114.2879409790039,0.06266748160123825,313.9236145019531,107.038330078125,0.04672333225607872,309.2559814453125,115.6775894165039,0.06415551155805588,315.6295166015625,116.37023162841797,0.050427429378032684,317.1321716308594,106.88609313964844,0.055217668414115906
39,306.241455078125,114.72506713867188,0.05025636404752731,315.52532958984375,115.87586975097656,0.05117412284016609,307.1171875,114.72581481933594,0.059651464223861694,315.2110900878906,107.51044464111328,0.04643701761960983,315.5296630859375,107.17476654052734,0.03197069093585014,306.8229064941406,114.41374206542969,0.07138055562973022,314.261474609375,106.12366485595703,0.030028503388166428,316.3031005859375,107.2520980834961,0.04907383769750595,315.41229248046875,107.76600646972656,0.05333924666047096,316.76025390625,108.0122299194336,0.04792023450136185,306.91937255859375,106.49906921386719,0.08193764835596085,308.4920959472656,105.8546142578125,0.06654442101716995,306.66180419921875,114.57984924316406,0.0655781552195549,313.60662841796875,106.94749450683594,0.045960698276758194,324.8201599121094,99.12345123291016,0.06295918673276901,315.269287109375,116.23786163330078,0.04995706304907799,315.8311462402344,115.7895278930664,0.05426857993006706
40,306.7516784667969,124.15715789794922,0.04843083396553993,316.2532958984375,116.19942474365234,0.05056656897068024,307.6100769042969,114.96052551269531,0.05135894566774368,310.47540283203125,123.38898468017578,0.045231085270643234,315.431884765625,123.6076431274414,0.028950393199920654,306.73150634765625,114.39263916015625,0.06472952663898468,313.9508056640625,121.64398956298828,0.02643977850675583,298.97259521484375,117.48624420166016,0.046086385846138,315.6338195800781,123.7744369506836,0.052986543625593185,315.9481506347656,124.05815887451172,0.046691764146089554,306.9443664550781,121.88169860839844,0.08597647398710251,307.7680969238281,122.48206329345703,0.06862134486436844,309.46380615234375,122.35640716552734,0.05717574432492256,315.11767578125,122.06353759765625,0.04270268231630325,340.7077331542969,99.9148178100586,0.0654025748372078,299.98919677734375,117.20124816894531,0.04547804221510887,315.3132629394531,116.73974609375,0.04953671619296074
41,315.0097351074219,124.07952880859375,0.054313961416482925,316.04022216796875,115.49383544921875,0.06143234297633171,307.23681640625,114.85933685302734,0.0625092163681984,310.8589782714844,123.36325073242188,0.054409753531217575,315.52325439453125,123.75947570800781,0.03878732770681381,306.816650390625,114.98870086669922,0.09400475770235062,313.7643737792969,121.49359130859375,0.03480783477425575,316.73321533203125,123.18959045410156,0.06033692508935928,315.4742126464844,124.0268783569336,0.065109983086586,316.0054016113281,124.32179260253906,0.05694806948304176,307.3003845214844,122.50658416748047,0.10269759595394135,307.3942565917969,121.3332748413086,0.08426782488822937,309.6762390136719,122.72763061523438,0.06632424890995026,314.87322998046875,122.10324096679688,0.05699286609888077,308.57659912109375,116.18315124511719,0.06648430228233337,317.68988037109375,124.28860473632812,0.05541842430830002,317.7492370605469,123.236328125,0.06227962300181389
42,316.94342041015625,116.18289184570312,0.05628545209765434,316.43792724609375,115.74502563476562,0.061029769480228424,324.509765625,114.6860580444336,0.06726442277431488,315.0592041015625,122.79226684570312,0.05634032189846039,315.80059814453125,123.77002716064453,0.03680456057190895,306.69036865234375,114.78345489501953,0.1072702556848526,313.5112609863281,121.4337158203125,0.03439721837639809,316.9188537597656,123.41857147216797,0.0606440007686615,315.3173522949219,123.45378875732422,0.06561578810214996,315.9891662597656,113.81856536865234,0.05876750871539116,307.146240234375,122.81610870361328,0.10682616382837296,307.74200439453125,121.40699005126953,0.08908971399068832,321.86474609375,115.84022521972656,0.07889923453330994,314.4755859375,122.30514526367188,0.05310467630624771,308.3326721191406,116.5443115234375,0.07273761183023453,314.5938415527344,117.09027862548828,0.06282143294811249,314.99273681640625,116.44074249267578,0.06075534224510193
43,316.74078369140625,115.98301696777344,0.04048583284020424,317.1509094238281,116.30008697509766,0.04221085458993912,324.79339599609375,114.44229888916016,0.048367928713560104,331.8313293457031,107.32194519042969,0.041817087680101395,331.36553955078125,107.47692108154297,0.025396697223186493,307.12408447265625,114.38883972167969,0.07220177352428436,330.4365539550781,105.98068237304688,0.027820831164717674,332.2251892089844,107.72949981689453,0.04398259520530701,331.8768005371094,107.07324981689453,0.04485699161887169,315.867919921875,113.82493591308594,0.0430724211037159,306.97308349609375,122.6385269165039,0.0679207369685173,307.78009033203125,121.7752914428711,0.05832936242222786,322.4984436035156,115.53624725341797,0.06428743153810501,331.0782470703125,106.76778411865234,0.03611581027507782,308.3675537109375,116.16146850585938,0.06031619757413864,314.74737548828125,116.29398345947266,0.044210609048604965,315.1553039550781,116.21554565429688,0.04469914361834526
44,306.9241638183594,123.98126983642578,0.03301207348704338,316.8917541503906,131.56982421875,0.03359950706362724,323.3842468261719,114.33342742919922,0.04037404805421829,363.7514953613281,108.36723327636719,0.03311169147491455,315.69708251953125,123.52886962890625,0.01985076256096363,307.2097473144531,114.37246704101562,0.05938547104597092,331.16497802734375,106.48551177978516,0.019890258088707924,288.6708679199219,115.23172760009766,0.0366550013422966,308.9427490234375,133.0176544189453,0.040664564818143845,315.6463623046875,113.79442596435547,0.034793682396411896,307.3627014160156,122.75994873046875,0.056637659668922424,291.20947265625,121.81564331054688,0.05358416214585304,322.9287109375,115.52740478515625,0.04431300610303879,299.3114318847656,122.3353042602539,0.031137578189373016,307.5393981933594,116.03241729736328,0.05090711638331413,315.41259765625,132.22317504882812,0.034387242048978806,364.46575927734375,108.0458755493164,0.03726288303732872
45,299.6240234375,123.62417602539062,0.03830631822347641,317.0009460449219,131.72372436523438,0.04181864857673645,317.5527648925781,131.9274139404297,0.04157111793756485,298.909423828125,123.85403442382812,0.03866185247898102,298.6153869628906,123.51341247558594,0.026810847222805023,307.8443298339844,128.8673095703125,0.06590583175420761,297.5296630859375,122.19561767578125,0.020326122641563416,301.3534240722656,123.59534454345703,0.04277963563799858,298.95745849609375,124.08358001708984,0.04813477024435997,299.572021484375,124.91344451904297,0.04352283850312233,291.7662658691406,123.58180236816406,0.0666249617934227,291.1463623046875,120.94645690917969,0.06386937201023102,322.7864685058594,116.44743347167969,0.06077073886990547,298.83966064453125,122.3286361694336,0.04225887358188629,308.6177673339844,132.5135498046875,0.051209766417741776,301.16094970703125,123.64202880859375,0.04057444632053375,314.56793212890625,132.1078338623047,0.039147160947322845
46,339.12384033203125,114.94871520996094,0.03737558797001839,317.0042419433594,132.17213439941406,0.03640300780534744,332.12200927734375,122.78181457519531,0.03822809457778931,347.5245056152344,107.30988311767578,0.03777644783258438,331.57354736328125,123.54138946533203,0.0231213066726923,307.64630126953125,129.84423828125,0.04722440242767334,347.0692443847656,106.10037231445312,0.023432288318872452,332.6878662109375,122.84891510009766,0.0353267565369606,309.505615234375,133.55369567871094,0.04172622039914131,314.98858642578125,131.01412963867188,0.03953560069203377,323.1218566894531,121.73722839355469,0.05943537503480911,291.21600341796875,121.208984375,0.049641579389572144,323.23394775390625,116.82176971435547,0.05575451999902725,298.9216003417969,122.71715545654297,0.034789446741342545,323.492919921875,115.36517333984375,0.05038594827055931,357.7292785644531,108.08232879638672,0.0365704745054245,348.42730712890625,108.36380004882812,0.0395556278526783
